timestamp,symbol_type,symbol_value,input_params,result_raw,anomaly_detected,observer_notes,auto_symbolic_metadata
,Test Run,2025-08-03,"{""shots"": 1024, ""test_mode"": true}","{""0"": 512, ""1"": 512}",False,Sanity check for logger functionality.,"{""date"": ""2025-08-04"", ""day_of_year"": 216, ""is_fibonacci_day"": false, ""moon_phase_cycle"": 0.36, ""symbolic_music_interval"": ""Perfect Fifth""}"
2025-08-04T01:46:28.594050Z,Test Run,2025-08-03,"{""shots"": 1024, ""test_mode"": true}","{""0"": 512, ""1"": 512}",False,Sanity check for logger functionality.,"{""date"": ""2025-08-04"", ""day_of_year"": 216, ""is_fibonacci_day"": false, ""moon_phase_cycle"": 0.36, ""symbolic_music_interval"": ""Perfect Fifth""}"
2025-08-06T01:55:22.721886Z,Test Run,Eye of Ra,"{""shots"": 1024, ""test_mode"": true}","{""0"": 520, ""1"": 504}",False,Testing symbolic tracker integration,"{""date"": ""2025-08-06"", ""day_of_year"": 218, ""is_fibonacci_day"": false, ""moon_phase_cycle"": 0.42, ""symbolic_music_interval"": ""Major Sixth""}"
2025-08-06T02:05:25.064364Z,Test Run,Eye of Ra,"{""shots"": 1024, ""test_mode"": true}","{""0"": 520, ""1"": 504}",False,Testing symbolic tracker integration,"{""date"": ""2025-08-06"", ""day_of_year"": 218, ""is_fibonacci_day"": false, ""moon_phase_cycle"": 0.42, ""symbolic_music_interval"": ""Major Sixth""}"
2025-08-06T02:06:02.619179Z,Natural Pattern,Spiral,"{""shots"": 1024, ""test_mode"": true}","{""0"": 523, ""1"": 501}",False,Occurs in galaxies and shells,"{""date"": ""2025-08-06"", ""day_of_year"": 218, ""is_fibonacci_day"": false, ""moon_phase_cycle"": 0.42, ""symbolic_music_interval"": ""Major Sixth""}"
2025-08-06T02:06:02.634806Z,Celestial Event,Comet ATLAS 3I,"{""shots"": 1024, ""test_mode"": true}","{""0"": 516, ""1"": 508}",False,Comet is near Earth; potential resonance cue,"{""date"": ""2025-08-06"", ""day_of_year"": 218, ""is_fibonacci_day"": false, ""moon_phase_cycle"": 0.42, ""symbolic_music_interval"": ""Major Sixth""}"
2025-08-06T02:06:02.650557Z,Ancient Symbol,Triskelion,"{""shots"": 1024, ""test_mode"": true}","{""0"": 510, ""1"": 514}",False,"Symbol tied to motion, cycles, and resonance","{""date"": ""2025-08-06"", ""day_of_year"": 218, ""is_fibonacci_day"": false, ""moon_phase_cycle"": 0.42, ""symbolic_music_interval"": ""Major Sixth""}"
2025-08-10T22:57:54.226248Z,Natural Pattern,Spiral,"{""shots"": 1024, ""test_mode"": true}","{""0"": 523, ""1"": 501}",False,Occurs in galaxies and shells,"{""date"": ""2025-08-10"", ""day_of_year"": 222, ""is_fibonacci_day"": false, ""moon_phase_cycle"": 0.56, ""symbolic_music_interval"": ""Major Third""}"
2025-08-10T22:57:54.226248Z,Celestial Event,Comet ATLAS 3I,"{""shots"": 1024, ""test_mode"": true}","{""0"": 516, ""1"": 508}",False,Comet is near Earth; potential resonance cue,"{""date"": ""2025-08-10"", ""day_of_year"": 222, ""is_fibonacci_day"": false, ""moon_phase_cycle"": 0.56, ""symbolic_music_interval"": ""Major Third""}"
2025-08-10T22:57:54.241874Z,Ancient Symbol,Triskelion,"{""shots"": 1024, ""test_mode"": true}","{""0"": 510, ""1"": 514}",False,"Symbol tied to motion, cycles, and resonance","{""date"": ""2025-08-10"", ""day_of_year"": 222, ""is_fibonacci_day"": false, ""moon_phase_cycle"": 0.56, ""symbolic_music_interval"": ""Major Third""}"
2025-08-11T01:01:33.953963,Manual CLI test,"{""moon_phase"": ""waning_gibbous"", ""is_fibonacci_date"": false, ""celestial_event"": null, ""personal_resonance_symbols"": [""Eye of Ra"", ""Spiral""]}"
2025-08-11T01:08:08.558557Z,Natural Pattern,Spiral,"{""shots"": 1024, ""test_mode"": true}","{""0"": 523, ""1"": 501}",False,Occurs in galaxies and shells,"{""date"": ""2025-08-11"", ""day_of_year"": 223, ""is_fibonacci_day"": false, ""moon_phase_cycle"": 0.59, ""symbolic_music_interval"": ""Perfect Fifth""}"
2025-08-11T01:08:08.574193Z,Celestial Event,Comet ATLAS 3I,"{""shots"": 1024, ""test_mode"": true}","{""0"": 516, ""1"": 508}",False,Comet is near Earth; potential resonance cue,"{""date"": ""2025-08-11"", ""day_of_year"": 223, ""is_fibonacci_day"": false, ""moon_phase_cycle"": 0.59, ""symbolic_music_interval"": ""Perfect Fifth""}"
2025-08-11T01:08:08.601724Z,Ancient Symbol,Triskelion,"{""shots"": 1024, ""test_mode"": true}","{""0"": 510, ""1"": 514}",False,"Symbol tied to motion, cycles, and resonance","{""date"": ""2025-08-11"", ""day_of_year"": 223, ""is_fibonacci_day"": false, ""moon_phase_cycle"": 0.59, ""symbolic_music_interval"": ""Perfect Fifth""}"
